{"cameraMode":{"drawMode":0,"name":"Shaded","section":"Shading Mode"},"sceneLighting":true,"audioPlay":false,"sceneViewState":{"m_AlwaysRefresh":false,"showFog":true,"showSkybox":true,"showFlares":true,"showImageEffects":true,"showParticleSystems":true,"showVisualEffectGraphs":true,"m_FxEnabled":true},"in2DMode":false,"pivot":{"x":10.488059043884278,"y":2.882885694503784,"z":4.317756652832031},"rotation":{"x":0.005823015235364437,"y":0.9066573977470398,"z":-0.012521467171609402,"w":0.42164361476898196},"size":2.792168378829956,"orthographic":false}