{"cameraMode":{"drawMode":0,"name":"Shaded","section":"Shading Mode"},"sceneLighting":true,"audioPlay":false,"sceneViewState":{"m_AlwaysRefresh":false,"showFog":true,"showSkybox":true,"showFlares":true,"showImageEffects":true,"showParticleSystems":true,"showVisualEffectGraphs":true,"m_FxEnabled":true},"in2DMode":false,"pivot":{"x":21.284135818481447,"y":-16.860620498657228,"z":1176.3377685546875},"rotation":{"x":-0.01200129371136427,"y":-0.0063241091556847099,"z":0.00007050732529023662,"w":-0.9999163150787354},"size":606.2177734375,"orthographic":false}