{"cameraMode":{"drawMode":0,"name":"Shaded","section":"Shading Mode"},"sceneLighting":true,"audioPlay":false,"sceneViewState":{"m_AlwaysRefresh":false,"showFog":true,"showSkybox":true,"showFlares":true,"showImageEffects":true,"showParticleSystems":true,"showVisualEffectGraphs":true,"m_FxEnabled":true},"in2DMode":false,"pivot":{"x":-6.867565631866455,"y":-21.526412963867189,"z":29.084407806396486},"rotation":{"x":-0.33533909916877749,"y":0.12889809906482697,"z":-0.04655642434954643,"w":-0.9323288202285767},"size":21.574037551879884,"orthographic":false}