{"cameraMode":{"drawMode":0,"name":"Shaded","section":"Shading Mode"},"sceneLighting":true,"audioPlay":false,"sceneViewState":{"m_AlwaysRefresh":false,"showFog":true,"showSkybox":true,"showFlares":true,"showImageEffects":true,"showParticleSystems":true,"showVisualEffectGraphs":true,"m_FxEnabled":true},"in2DMode":false,"pivot":{"x":1.3607877492904664,"y":6.520384788513184,"z":-8.97647476196289},"rotation":{"x":-0.17933934926986695,"y":0.0009434886160306633,"z":-0.0012097307480871678,"w":-0.9839292168617249},"size":1.1660254001617432,"orthographic":false}