{"cameraMode":{"drawMode":0,"name":"Shaded","section":"Shading Mode"},"sceneLighting":true,"audioPlay":false,"sceneViewState":{"m_AlwaysRefresh":false,"showFog":true,"showSkybox":true,"showFlares":true,"showImageEffects":true,"showParticleSystems":true,"showVisualEffectGraphs":true,"m_FxEnabled":true},"in2DMode":false,"pivot":{"x":3.2133350372314455,"y":10.175294876098633,"z":6.240821361541748},"rotation":{"x":0.3355136215686798,"y":-0.23683235049247743,"z":0.08842054009437561,"w":0.9076188206672669},"size":1.1660254001617432,"orthographic":false}