{"cameraMode":{"drawMode":0,"name":"Shaded","section":"Shading Mode"},"sceneLighting":true,"audioPlay":false,"sceneViewState":{"m_AlwaysRefresh":false,"showFog":true,"showSkybox":true,"showFlares":true,"showImageEffects":true,"showParticleSystems":true,"showVisualEffectGraphs":true,"m_FxEnabled":true},"in2DMode":false,"pivot":{"x":-1.0438727140426636,"y":0.942865252494812,"z":3.116297721862793},"rotation":{"x":0.014409583993256092,"y":-0.22785529494285584,"z":0.004294975195080042,"w":0.97390216588974},"size":1.205371618270874,"orthographic":false}