{"cameraMode":{"drawMode":0,"name":"Shaded","section":"Shading Mode"},"sceneLighting":true,"audioPlay":false,"sceneViewState":{"m_AlwaysRefresh":false,"showFog":true,"showSkybox":true,"showFlares":true,"showImageEffects":true,"showParticleSystems":true,"showVisualEffectGraphs":true,"m_FxEnabled":true},"in2DMode":false,"pivot":{"x":-0.1500978320837021,"y":-2.237999200820923,"z":11.79750919342041},"rotation":{"x":0.21762189269065858,"y":-0.36163467168807986,"z":0.08834008127450943,"w":0.9025972485542297},"size":1.2488287687301636,"orthographic":false}