{"cameraMode":{"drawMode":0,"name":"Shaded","section":"Shading Mode"},"sceneLighting":true,"audioPlay":false,"sceneViewState":{"m_AlwaysRefresh":false,"showFog":true,"showSkybox":true,"showFlares":true,"showImageEffects":true,"showParticleSystems":true,"showVisualEffectGraphs":true,"m_FxEnabled":true},"in2DMode":false,"pivot":{"x":0.5914676189422607,"y":6.2094268798828129,"z":0.19653545320034028},"rotation":{"x":-0.17919747531414033,"y":-0.044787704944610599,"z":0.007195230107754469,"w":-0.9829029440879822},"size":1.1660254001617432,"orthographic":false}