{"cameraMode":{"drawMode":0,"name":"Shaded","section":"Shading Mode"},"sceneLighting":true,"audioPlay":false,"sceneViewState":{"m_AlwaysRefresh":false,"showFog":true,"showSkybox":true,"showFlares":true,"showImageEffects":true,"showParticleSystems":true,"showVisualEffectGraphs":true,"m_FxEnabled":true},"in2DMode":false,"pivot":{"x":0.2500656843185425,"y":-4.181253433227539,"z":11.138956069946289},"rotation":{"x":0.04165653511881828,"y":-0.8422502279281616,"z":0.06587637215852738,"w":0.5338246822357178},"size":1.2368663549423218,"orthographic":false}