{"cameraMode":{"drawMode":0,"name":"Shaded","section":"Shading Mode"},"sceneLighting":true,"audioPlay":false,"sceneViewState":{"m_AlwaysRefresh":false,"showFog":true,"showSkybox":true,"showFlares":true,"showImageEffects":true,"showParticleSystems":true,"showVisualEffectGraphs":true,"m_FxEnabled":true},"in2DMode":false,"pivot":{"x":-45.456844329833987,"y":22.574195861816408,"z":0.9598240852355957},"rotation":{"x":-0.21235039830207826,"y":-0.37022581696510317,"z":0.08635537326335907,"w":-0.900220513343811},"size":3.1736137866973879,"orthographic":false}