{"cameraMode":{"drawMode":0,"name":"Shaded","section":"Shading Mode"},"sceneLighting":false,"audioPlay":false,"sceneViewState":{"m_AlwaysRefresh":false,"showFog":true,"showSkybox":true,"showFlares":true,"showImageEffects":true,"showParticleSystems":true,"showVisualEffectGraphs":true,"m_FxEnabled":true},"in2DMode":false,"pivot":{"x":-7.574450492858887,"y":-2.8324015140533449,"z":11.676556587219239},"rotation":{"x":0.043472349643707278,"y":0.8508567214012146,"z":-0.0707283616065979,"w":0.5189697742462158},"size":0.9572887420654297,"orthographic":false}