{"cameraMode":{"drawMode":0,"name":"Shaded","section":"Shading Mode"},"sceneLighting":false,"audioPlay":false,"sceneViewState":{"m_AlwaysRefresh":false,"showFog":true,"showSkybox":true,"showFlares":true,"showImageEffects":true,"showParticleSystems":true,"showVisualEffectGraphs":true,"m_FxEnabled":true},"in2DMode":false,"pivot":{"x":9.210345268249512,"y":6.092309951782227,"z":-2.7930397987365724},"rotation":{"x":0.20531728863716126,"y":-0.37043097615242007,"z":0.08432144671678543,"w":0.9019573330879211},"size":4.326916217803955,"orthographic":true}